{
	"display": {
		"icon": {
			"item": "minecraft:player_head",
			"nbt": "{SkullOwner:{Id:[I;-1361634738,-858111721,-2120203631,1846998308],Properties:{textures:[{Value:'eyJ0ZXh0dXJlcyI6eyJTS0lOIjp7InVybCI6Imh0dHA6Ly90ZXh0dXJlcy5taW5lY3JhZnQubmV0L3RleHR1cmUvMWMxZDZhYzc1ZmM0YzlhMDFlNTRjYWFjZGU5MjVhZmM2YzViMzNiNzVhMWEwNThmYzAyODU4NDc0YzlkZDEyNyJ9fX0=='}]}}}"
		},
		"title": "Created by MrOctaMC",
		"frame": "task",
		"description": "Datapack",
		"background": "minecraft:textures/block/end_stone.png",
		"show_toast": true,
		"announce_to_chat": false
	},
	"criteria": {
		"tick": {
			"trigger": "minecraft:tick"
		}
	}
}